{
	"name": "Coverage C - Personal Property",
	"displayName": "Coverage C - Personal Property",
	"indemnityPerItem": "0",
	"indemnityPerEvent": "0",
	"indemnityInAggregate": "0",
	"deductible": "0",
	"lumpSumPayment": "0",
	"fields": [
		{
			"title": "Your Belongings Limit",
			"name": "unscheduled_personal_property_limit",
			"type": "number",
			"newline": true
		},
		{
			"title": "Personal Property Settlement Option",
			"name": "cov_c_settlement_option",
			"type": "select",
			"values": [
				"Actual Cash Value",
				"Replacement Cost"
			],
			"newline": true
		}
	]
}