{
    "name": "Earthquake Coverage",
    "displayName": "Earthquake Coverage",
    "fields": [
        {
            "title": "Deductible - Earthquake",
            "name": "earthquake_deductible",
            "type": "select",
            "values": [
                "10%",
                "15%",
                "20%"
            ],
            "newline": true
        }
    ],
    "indemnityPerItem": "0",
    "indemnityPerEvent": "0",
    "indemnityInAggregate": "0",
    "deductible": "0",
    "lumpSumPayment": "0"
}