{
    "name": "Loss Assessment",
    "displayName": "Loss Assessment",
    "fields": [
        {
            "title": "Loss Assessment Limit",
            "name": "loss_assessment_limit",
            "type": "select",
            "values": [
                "$1,000",
                "$5,000"
            ],
            "optional": true
        }
    ],
    "indemnityPerItem": "0",
    "indemnityPerEvent": "0",
    "indemnityInAggregate": "0",
    "deductible": "0",
    "lumpSumPayment": "0"
}