{
    "name": "Specific Building - Structure Exclusion",
    "displayName": "Specific Building - Structure Exclusion",
    "fields": [
        {
            "title": "Describe the building being excluded.",
            "name": "specific_building_structure_description",
            "type": "string",
            "newline": true,
            "multiline": true
        }
    ],
    "indemnityPerItem": "0",
    "indemnityPerEvent": "0",
    "indemnityInAggregate": "0",
    "deductible": "0",
    "lumpSumPayment": "0"
}