{
    "name": "Water Backup and Sump Overflow",
    "displayName": "Water Backup and Sump Overflow",
    "fields": [
        {
            "title": "Water Backup and Sump Overflow Limit",
            "name": "water_backup_and_sump_overflow_limit",
            "type": "select",
            "values": [
                "$5,000",
                "$10,000",
                "$25,000"
            ],
            "newline": true,
            "optional": false
        }
    ],
    "indemnityPerItem": "0",
    "indemnityPerEvent": "0",
    "indemnityInAggregate": "0",
    "deductible": "0",
    "lumpSumPayment": "0"
}