{
    "name": "Animal Liability",
    "displayName": "Animal Liability",
    "fields": [
        {
            "title": "Animal Liability Limit",
            "name": "animal_liability_limit",
            "type": "select",
            "values": [
                "Excluded",
                "$10,000",
                "$25,000",
                "$50,000",
                "$100,000",
                "$300,000",
                "$500,000"
            ],
            "newline": true
        }
    ],
    "indemnityPerItem": "0",
    "indemnityPerEvent": "0",
    "indemnityInAggregate": "0",
    "deductible": "0",
    "lumpSumPayment": "0"
}