{
    "name": "Coverage E - Personal Liability",
    "displayName": "Coverage E - Personal Liability",
    "fields": [
        {
            "title": "Personal Liability Limit",
            "name": "personal_liability",
            "type": "select",
            "values": [
                "$25,000",
                "$50,000",
                "$100,000",
                "$300,000",
                "$500,000"
            ],
            "newline": true,
            "optional": false
        }
    ],
    "indemnityPerItem": "0",
    "indemnityPerEvent": "0",
    "indemnityInAggregate": "0",
    "deductible": "0",
    "lumpSumPayment": "0"
}