{
    "name": "Coverage A - Dwelling",
    "displayName": "Coverage A - Dwelling",
    "fields": [
        {
            "title": "Home Coverage Limit",
            "name": "manufactured_home_limit",
            "type": "number",
            "newline": true
        },
        {
            "title": "Dwelling Settlement Option",
            "name": "cov_a_settlement_option",
            "type": "select",
            "values": [
                "Actual Cash Value",
                "Replacement Cost",
                "Extended Replacement Cost"
            ],
            "newline": true
        }
    ],
    "indemnityPerItem": "0",
    "indemnityPerEvent": "0",
    "indemnityInAggregate": "0",
    "deductible": "0",
    "lumpSumPayment": "0"
}