{"name":"Tenant Occupied","displayName":"Tenant Occupied","fields":[{"title":"Usage","name":"usage","type":"group","fields":[{"title":"Occupancy","name":"policy_usage","type":"select","values":["Tenant"],"width":6,"newline":true}],"newline":true},{"title":"Unit Address","name":"unit_address","type":"group","fields":[{"title":"Street Address","name":"street_address","type":"string","newline":true,"width":12},{"title":"Lot/Unit#","type":"string","newline":true,"width":6,"optional":true,"name":"lot_unit"},{"title":"City","name":"city","type":"string","newline":false,"width":6},{"title":"State","name":"state","type":"select","newline":true,"values":["MI","IN","NM","OH","AZ"],"width":6},{"title":"Zip Code","name":"zip_code","type":"string","newline":false,"width":6,"regex":"^([0-9]{5})*$"},{"title":"County","name":"county","type":"string","width":6,"newline":false},{"title":"Country","name":"country","type":"select","values":["USA"],"width":6,"newline":false}],"newline":true},{"title":"Unit Details","name":"unit_details","type":"group","fields":[{"title":"Unit ID","name":"unit_id","type":"string","newline":false,"width":6},{"title":"Form","name":"form","type":"select","values":["Basic","Broad","Special","Comprehensive"],"newline":true,"width":12},{"title":"Valuation ID","name":"valuation_id","type":"string"},{"title":"Select a personalized plan","name":"personalized_plan_type","type":"select","values":["Silver","Gold","Platinum"],"optional":true,"newline":false,"width":6},{"title":"Where is your home located?","name":"unit_location","type":"select","values":["In a large manufactured home community (equal to or more than 25 units)","In a small manufactured home community (less than 25 units)","On my own land"],"width":12,"optional":false,"newline":true},{"title":"What is the name of Community?","name":"park_name","type":"select","values":["test1","test2"],"optional":true,"width":6,"newline":true},{"title":"Community Policy Discount","name":"community_policy_discount","type":"select","values":["No"],"newline":false,"optional":true,"width":6}]},{"title":"Territory","name":"territory","type":"group","fields":[{"title":"Location Code","name":"loc_code","type":"string","optional":true},{"title":"Latitude","name":"lat","type":"string","width":6},{"title":"Longitude","name":"long","type":"string","width":6},{"title":"Grid ID","name":"grid_id","type":"string","width":6},{"title":"Territory Code AOP","name":"territory_code_aop","type":"string","width":6},{"title":"Territory Code Wind Hail","name":"territory_code_windhail","type":"string","width":6},{"title":"Territory Code Earthquake","name":"territory_code_earthquake","type":"string","width":6},{"title":"Territory Code Hurricane","name":"territory_code_hurricane","type":"string","optional":true,"width":6},{"title":"Territory Code Wind Fire","name":"territory_code_wind_fire","type":"string","optional":true,"width":6},{"title":"Territory Code Floods","name":"territory_code_floods","type":"string","optional":true,"width":6},{"title":"UW Admitted","name":"uw_admitted","type":"select","values":["No Concerns(N)","Reject(X)","Referral(R)"]}]},{"title":"Additional Interest","name":"additional_interest","type":"group","fields":[{"title":"Name of Interested Party","name":"name","type":"string","newline":false,"width":6},{"title":"Additional Interest ID","name":"additional_interest_id","type":"string","newline":false,"optional":true,"width":6},{"title":"Type of Interest","name":"type","type":"select","newline":true,"values":["Property Manager/Park Owner","Not Listed"],"width":6,"optional":true,"match":["Property Manager","Not Listed"]},{"title":"Loan - Account Number","name":"account_number","type":"string","newline":false,"optional":true,"width":6},{"title":"Loan Officer's First Name","name":"officer_first_name","type":"string","optional":true},{"title":"Loan Officer's Last Name","name":"officer_last_name","type":"string","optional":true},{"title":"Loan Officer's Email Address","name":"officer_mail_address","type":"email","optional":true},{"title":"Street address","name":"street_address","type":"string","newline":true,"width":12},{"type":"string","newline":true,"optional":true,"width":6,"title":"Lot/Unit#","name":"lot_unit"},{"title":"City","name":"city","type":"string","newline":false,"width":6},{"title":"State","name":"state","type":"select","values":["MI","IN","NM","OH","AZ"],"newline":true,"width":6},{"title":"Zip Code","name":"zip_code","type":"string","newline":false,"width":6,"regex":"^([0-9]{5})*$"},{"title":"County","name":"county","type":"string","optional":true,"width":6,"newline":true},{"title":"Country","name":"country","type":"select","values":["USA"],"width":6}],"newline":true,"repeatable":true,"optional":true},{"title":"Unit Level Underwriting Questions","name":"unit_level_suppl_uw","type":"group","fields":[{"title":"Is the property without a fire protection service or otherwise cannot be accessed by the road?","name":"property_without_fire_protection","type":"select","values":["Yes","No"],"newline":true,"width":12},{"title":"Is any business conducted on the premises? This does not include \"work from home\".","name":"business_on_premises","type":"select","newline":true,"values":["Yes","No"],"width":12},{"title":"Describe the type of business being ran at the dwelling.","name":"business_description","type":"string","optional":false,"newline":true,"multiline":true,"width":12,"condition":{"business_on_premises":["Yes"]}},{"title":"Is there a daycare on the premises?","name":"daycare_on_premises","type":"select","values":["Yes","No"],"optional":true,"newline":true,"width":12},{"title":"Are there any business employees on the premises?","name":"business_employees_on_premises","type":"select","newline":true,"values":["Yes","No"],"optional":true,"width":12},{"title":"How many visitors are there a month?","name":"visitors_in_a_month","type":"select","values":["0","1","2","3","4","5","6+"],"optional":true,"newline":true,"width":12}]}]}