[{
      "name": "type_of_insured",
      "type": "select",
      "values": [
         "Person",
         "Organization (Estate, Business, etc)"
      ]
   },
   {
      "name": "first_name",
      "type": "string",
      "searchable": true
   },
   {
      "name": "middle_name",
      "type": "string",
      "searchable": true
   },
   {
      "name": "last_name",
      "type": "string",
      "searchable": true
   },
   {
      "name": "organization_name",
      "type": "string",
      "searchable": true
   },
   {
      "name": "orgainzation_type",
      "type": "select",
      "values": [
         "Estate",
         "Trust",
         "LLC",
         "LLP",
         "Partnership",
         "Corporation",
         "Not Listed"
      ]
   },
   {
      "name": "describe_organization_type",
      "type": "string",
      "searchable": true
   },
   {
      "name": "rep_first_name",
      "type": "string",
      "searchable": true
   },
   {
      "name": "rep_last_name",
      "type": "string",
      "searchable": true
   },
   {
      "name": "relationship_organization",
      "type": "select",
      "values": [
         "Owner",
         "Trustee",
         "Partner",
         "Officer",
         "Other"
      ]
   },
   {
      "name": "auto_policy_with_agency",
      "type": "select",
      "values": [
         "Yes",
         "No"
      ]
   },
   {
      "name": "primary_contact_number",
      "type": "string",
      "searchable": true,
      "regex": "^[0-9]{10}$"
   },
   {
      "name": "secondary_contact_number",
      "type": "string",
      "searchable": true,
      "regex": "^[0-9]{10}$"
   },
   {
      "name": "email_address",
      "type": "email",
      "searchable": true
   },
   {
      "name": "third_party_notification_non_consumer",
      "type": "select",
      "values": [
         "Yes",
         "No"
      ]
   }
]