key,value
>25 Units | A,All Other Perils#0.85|Windstorm Or Hail#0.85|Earthquake#0|Hurricane#0|Wildfire#0|Flood#0
<25 Units | A,All Other Perils#1|Windstorm Or Hail#1|Earthquake#0|Hurricane#0|Wildfire#0|Flood#0
Own Land | A,All Other Perils#1|Windstorm Or Hail#1|Earthquake#0|Hurricane#0|Wildfire#0|Flood#0
>25 Units | B,All Other Perils#0.85|Windstorm Or Hail#0.85|Earthquake#0|Hurricane#0|Wildfire#0|Flood#0
<25 Units | B,All Other Perils#1|Windstorm Or Hail#1|Earthquake#0|Hurricane#0|Wildfire#0|Flood#0
Own Land | B,All Other Perils#1|Windstorm Or Hail#1|Earthquake#0|Hurricane#0|Wildfire#0|Flood#0
>25 Units | C,All Other Perils#0.85|Windstorm Or Hail#0.85|Earthquake#0|Hurricane#0|Wildfire#0|Flood#0
<25 Units | C,All Other Perils#1|Windstorm Or Hail#1|Earthquake#0|Hurricane#0|Wildfire#0|Flood#0
Own Land | C,All Other Perils#1|Windstorm Or Hail#1|Earthquake#0|Hurricane#0|Wildfire#0|Flood#0