key,value
Direct to Consumer | A,All Other Perils#0.975|Windstorm Or Hail#0.975|Earthquake#1|Hurricane#0|Wildfire#0|Flood#0
Brokered | A,All Other Perils#1|Windstorm Or Hail#1|Earthquake#1|Hurricane#0|Wildfire#0|Flood#0
Direct to Consumer | B,All Other Perils#1|Windstorm Or Hail#0.975|Earthquake#1|Hurricane#0|Wildfire#0|Flood#0
Brokered | B,All Other Perils#1|Windstorm Or Hail#1|Earthquake#1|Hurricane#0|Wildfire#0|Flood#0
Direct to Consumer | C,All Other Perils#1|Windstorm Or Hail#0.975|Earthquake#1|Hurricane#0|Wildfire#0|Flood#0
Brokered | C,All Other Perils#1|Windstorm Or Hail#1|Earthquake#1|Hurricane#0|Wildfire#0|Flood#0
Direct to Consumer | D,All Other Perils#1|Windstorm Or Hail#0.975|Earthquake#1|Hurricane#0|Wildfire#0|Flood#0
Brokered | D,All Other Perils#1|Windstorm Or Hail#1|Earthquake#1|Hurricane#0|Wildfire#0|Flood#0