key,value
1 | A,All Other Perils#2.2|Windstorm Or Hail#2.2|Earthquake#0|Hurricane#0|Wildfire#0
391 | A,All Other Perils#1.87|Windstorm Or Hail#1.87|Earthquake#0|Hurricane#0|Wildfire#0
431 | A,All Other Perils#1.72|Windstorm Or Hail#1.72|Earthquake#0|Hurricane#0|Wildfire#0
451 | A,All Other Perils#1.64|Windstorm Or Hail#1.64|Earthquake#0|Hurricane#0|Wildfire#0
466 | A,All Other Perils#1.57|Windstorm Or Hail#1.57|Earthquake#0|Hurricane#0|Wildfire#0
481 | A,All Other Perils#1.5|Windstorm Or Hail#1.5|Earthquake#0|Hurricane#0|Wildfire#0
496 | A,All Other Perils#1.44|Windstorm Or Hail#1.44|Earthquake#0|Hurricane#0|Wildfire#0
511 | A,All Other Perils#1.38|Windstorm Or Hail#1.38|Earthquake#0|Hurricane#0|Wildfire#0
521 | A,All Other Perils#1.34|Windstorm Or Hail#1.34|Earthquake#0|Hurricane#0|Wildfire#0
531 | A,All Other Perils#1.3|Windstorm Or Hail#1.3|Earthquake#0|Hurricane#0|Wildfire#0
541 | A,All Other Perils#1.27|Windstorm Or Hail#1.27|Earthquake#0|Hurricane#0|Wildfire#0
551 | A,All Other Perils#1.23|Windstorm Or Hail#1.23|Earthquake#0|Hurricane#0|Wildfire#0
561 | A,All Other Perils#1.19|Windstorm Or Hail#1.19|Earthquake#0|Hurricane#0|Wildfire#0
571 | A,All Other Perils#1.16|Windstorm Or Hail#1.16|Earthquake#0|Hurricane#0|Wildfire#0
581 | A,All Other Perils#1.12|Windstorm Or Hail#1.12|Earthquake#0|Hurricane#0|Wildfire#0
591 | A,All Other Perils#1.09|Windstorm Or Hail#1.09|Earthquake#0|Hurricane#0|Wildfire#0
601 | A,All Other Perils#1.06|Windstorm Or Hail#1.06|Earthquake#0|Hurricane#0|Wildfire#0
611 | A,All Other Perils#1.03|Windstorm Or Hail#1.03|Earthquake#0|Hurricane#0|Wildfire#0
621 | A,All Other Perils#1|Windstorm Or Hail#1|Earthquake#0|Hurricane#0|Wildfire#0
631 | A,All Other Perils#0.98|Windstorm Or Hail#0.98|Earthquake#0|Hurricane#0|Wildfire#0
641 | A,All Other Perils#0.96|Windstorm Or Hail#0.96|Earthquake#0|Hurricane#0|Wildfire#0
651 | A,All Other Perils#0.94|Windstorm Or Hail#0.94|Earthquake#0|Hurricane#0|Wildfire#0
661 | A,All Other Perils#0.92|Windstorm Or Hail#0.92|Earthquake#0|Hurricane#0|Wildfire#0
671 | A,All Other Perils#0.9|Windstorm Or Hail#0.9|Earthquake#0|Hurricane#0|Wildfire#0
681 | A,All Other Perils#0.89|Windstorm Or Hail#0.89|Earthquake#0|Hurricane#0|Wildfire#0
691 | A,All Other Perils#0.87|Windstorm Or Hail#0.87|Earthquake#0|Hurricane#0|Wildfire#0
701 | A,All Other Perils#0.85|Windstorm Or Hail#0.85|Earthquake#0|Hurricane#0|Wildfire#0
711 | A,All Other Perils#0.84|Windstorm Or Hail#0.84|Earthquake#0|Hurricane#0|Wildfire#0
721 | A,All Other Perils#0.82|Windstorm Or Hail#0.82|Earthquake#0|Hurricane#0|Wildfire#0
731 | A,All Other Perils#0.8|Windstorm Or Hail#0.8|Earthquake#0|Hurricane#0|Wildfire#0
741 | A,All Other Perils#0.79|Windstorm Or Hail#0.79|Earthquake#0|Hurricane#0|Wildfire#0
751 | A,All Other Perils#0.77|Windstorm Or Hail#0.77|Earthquake#0|Hurricane#0|Wildfire#0
766 | A,All Other Perils#0.75|Windstorm Or Hail#0.75|Earthquake#0|Hurricane#0|Wildfire#0
781 | A,All Other Perils#0.72|Windstorm Or Hail#0.72|Earthquake#0|Hurricane#0|Wildfire#0
796 | A,All Other Perils#0.7|Windstorm Or Hail#0.7|Earthquake#0|Hurricane#0|Wildfire#0
811 | A,All Other Perils#0.68|Windstorm Or Hail#0.68|Earthquake#0|Hurricane#0|Wildfire#0
826 | A,All Other Perils#0.66|Windstorm Or Hail#0.66|Earthquake#0|Hurricane#0|Wildfire#0
841 | A,All Other Perils#0.64|Windstorm Or Hail#0.64|Earthquake#0|Hurricane#0|Wildfire#0
861 | A,All Other Perils#0.59|Windstorm Or Hail#0.59|Earthquake#0|Hurricane#0|Wildfire#0
998 | A,All Other Perils#1|Windstorm Or Hail#1|Earthquake#0|Hurricane#0|Wildfire#0
999 | A,All Other Perils#1|Windstorm Or Hail#1|Earthquake#0|Hurricane#0|Wildfire#0
1 | B,All Other Perils#2.2|Windstorm Or Hail#2.2|Earthquake#0|Hurricane#0|Wildfire#0
391 | B,All Other Perils#1.87|Windstorm Or Hail#1.87|Earthquake#0|Hurricane#0|Wildfire#0
431 | B,All Other Perils#1.72|Windstorm Or Hail#1.72|Earthquake#0|Hurricane#0|Wildfire#0
451 | B,All Other Perils#1.64|Windstorm Or Hail#1.64|Earthquake#0|Hurricane#0|Wildfire#0
466 | B,All Other Perils#1.57|Windstorm Or Hail#1.57|Earthquake#0|Hurricane#0|Wildfire#0
481 | B,All Other Perils#1.5|Windstorm Or Hail#1.5|Earthquake#0|Hurricane#0|Wildfire#0
496 | B,All Other Perils#1.44|Windstorm Or Hail#1.44|Earthquake#0|Hurricane#0|Wildfire#0
511 | B,All Other Perils#1.38|Windstorm Or Hail#1.38|Earthquake#0|Hurricane#0|Wildfire#0
521 | B,All Other Perils#1.34|Windstorm Or Hail#1.34|Earthquake#0|Hurricane#0|Wildfire#0
531 | B,All Other Perils#1.3|Windstorm Or Hail#1.3|Earthquake#0|Hurricane#0|Wildfire#0
541 | B,All Other Perils#1.27|Windstorm Or Hail#1.27|Earthquake#0|Hurricane#0|Wildfire#0
551 | B,All Other Perils#1.23|Windstorm Or Hail#1.23|Earthquake#0|Hurricane#0|Wildfire#0
561 | B,All Other Perils#1.19|Windstorm Or Hail#1.19|Earthquake#0|Hurricane#0|Wildfire#0
571 | B,All Other Perils#1.16|Windstorm Or Hail#1.16|Earthquake#0|Hurricane#0|Wildfire#0
581 | B,All Other Perils#1.12|Windstorm Or Hail#1.12|Earthquake#0|Hurricane#0|Wildfire#0
591 | B,All Other Perils#1.09|Windstorm Or Hail#1.09|Earthquake#0|Hurricane#0|Wildfire#0
601 | B,All Other Perils#1.06|Windstorm Or Hail#1.06|Earthquake#0|Hurricane#0|Wildfire#0
611 | B,All Other Perils#1.03|Windstorm Or Hail#1.03|Earthquake#0|Hurricane#0|Wildfire#0
621 | B,All Other Perils#1|Windstorm Or Hail#1|Earthquake#0|Hurricane#0|Wildfire#0
631 | B,All Other Perils#0.98|Windstorm Or Hail#0.98|Earthquake#0|Hurricane#0|Wildfire#0
641 | B,All Other Perils#0.96|Windstorm Or Hail#0.96|Earthquake#0|Hurricane#0|Wildfire#0
651 | B,All Other Perils#0.94|Windstorm Or Hail#0.94|Earthquake#0|Hurricane#0|Wildfire#0
661 | B,All Other Perils#0.92|Windstorm Or Hail#0.92|Earthquake#0|Hurricane#0|Wildfire#0
671 | B,All Other Perils#0.9|Windstorm Or Hail#0.9|Earthquake#0|Hurricane#0|Wildfire#0
681 | B,All Other Perils#0.89|Windstorm Or Hail#0.89|Earthquake#0|Hurricane#0|Wildfire#0
691 | B,All Other Perils#0.87|Windstorm Or Hail#0.87|Earthquake#0|Hurricane#0|Wildfire#0
701 | B,All Other Perils#0.85|Windstorm Or Hail#0.85|Earthquake#0|Hurricane#0|Wildfire#0
711 | B,All Other Perils#0.84|Windstorm Or Hail#0.84|Earthquake#0|Hurricane#0|Wildfire#0
721 | B,All Other Perils#0.82|Windstorm Or Hail#0.82|Earthquake#0|Hurricane#0|Wildfire#0
731 | B,All Other Perils#0.8|Windstorm Or Hail#0.8|Earthquake#0|Hurricane#0|Wildfire#0
741 | B,All Other Perils#0.79|Windstorm Or Hail#0.79|Earthquake#0|Hurricane#0|Wildfire#0
751 | B,All Other Perils#0.77|Windstorm Or Hail#0.77|Earthquake#0|Hurricane#0|Wildfire#0
766 | B,All Other Perils#0.75|Windstorm Or Hail#0.75|Earthquake#0|Hurricane#0|Wildfire#0
781 | B,All Other Perils#0.72|Windstorm Or Hail#0.72|Earthquake#0|Hurricane#0|Wildfire#0
796 | B,All Other Perils#0.7|Windstorm Or Hail#0.7|Earthquake#0|Hurricane#0|Wildfire#0
811 | B,All Other Perils#0.68|Windstorm Or Hail#0.68|Earthquake#0|Hurricane#0|Wildfire#0
826 | B,All Other Perils#0.66|Windstorm Or Hail#0.66|Earthquake#0|Hurricane#0|Wildfire#0
841 | B,All Other Perils#0.64|Windstorm Or Hail#0.64|Earthquake#0|Hurricane#0|Wildfire#0
861 | B,All Other Perils#0.59|Windstorm Or Hail#0.59|Earthquake#0|Hurricane#0|Wildfire#0
998 | B,All Other Perils#1|Windstorm Or Hail#1|Earthquake#0|Hurricane#0|Wildfire#0
999 | B,All Other Perils#1|Windstorm Or Hail#1|Earthquake#0|Hurricane#0|Wildfire#0
1 | C,All Other Perils#2.2|Windstorm Or Hail#2.2|Earthquake#0|Hurricane#0|Wildfire#0
391 | C,All Other Perils#1.87|Windstorm Or Hail#1.87|Earthquake#0|Hurricane#0|Wildfire#0
431 | C,All Other Perils#1.72|Windstorm Or Hail#1.72|Earthquake#0|Hurricane#0|Wildfire#0
451 | C,All Other Perils#1.64|Windstorm Or Hail#1.64|Earthquake#0|Hurricane#0|Wildfire#0
466 | C,All Other Perils#1.57|Windstorm Or Hail#1.57|Earthquake#0|Hurricane#0|Wildfire#0
481 | C,All Other Perils#1.5|Windstorm Or Hail#1.5|Earthquake#0|Hurricane#0|Wildfire#0
496 | C,All Other Perils#1.44|Windstorm Or Hail#1.44|Earthquake#0|Hurricane#0|Wildfire#0
511 | C,All Other Perils#1.38|Windstorm Or Hail#1.38|Earthquake#0|Hurricane#0|Wildfire#0
521 | C,All Other Perils#1.34|Windstorm Or Hail#1.34|Earthquake#0|Hurricane#0|Wildfire#0
531 | C,All Other Perils#1.3|Windstorm Or Hail#1.3|Earthquake#0|Hurricane#0|Wildfire#0
541 | C,All Other Perils#1.27|Windstorm Or Hail#1.27|Earthquake#0|Hurricane#0|Wildfire#0
551 | C,All Other Perils#1.23|Windstorm Or Hail#1.23|Earthquake#0|Hurricane#0|Wildfire#0
561 | C,All Other Perils#1.19|Windstorm Or Hail#1.19|Earthquake#0|Hurricane#0|Wildfire#0
571 | C,All Other Perils#1.16|Windstorm Or Hail#1.16|Earthquake#0|Hurricane#0|Wildfire#0
581 | C,All Other Perils#1.12|Windstorm Or Hail#1.12|Earthquake#0|Hurricane#0|Wildfire#0
591 | C,All Other Perils#1.09|Windstorm Or Hail#1.09|Earthquake#0|Hurricane#0|Wildfire#0
601 | C,All Other Perils#1.06|Windstorm Or Hail#1.06|Earthquake#0|Hurricane#0|Wildfire#0
611 | C,All Other Perils#1.03|Windstorm Or Hail#1.03|Earthquake#0|Hurricane#0|Wildfire#0
621 | C,All Other Perils#1|Windstorm Or Hail#1|Earthquake#0|Hurricane#0|Wildfire#0
631 | C,All Other Perils#0.98|Windstorm Or Hail#0.98|Earthquake#0|Hurricane#0|Wildfire#0
641 | C,All Other Perils#0.96|Windstorm Or Hail#0.96|Earthquake#0|Hurricane#0|Wildfire#0
651 | C,All Other Perils#0.94|Windstorm Or Hail#0.94|Earthquake#0|Hurricane#0|Wildfire#0
661 | C,All Other Perils#0.92|Windstorm Or Hail#0.92|Earthquake#0|Hurricane#0|Wildfire#0
671 | C,All Other Perils#0.9|Windstorm Or Hail#0.9|Earthquake#0|Hurricane#0|Wildfire#0
681 | C,All Other Perils#0.89|Windstorm Or Hail#0.89|Earthquake#0|Hurricane#0|Wildfire#0
691 | C,All Other Perils#0.87|Windstorm Or Hail#0.87|Earthquake#0|Hurricane#0|Wildfire#0
701 | C,All Other Perils#0.85|Windstorm Or Hail#0.85|Earthquake#0|Hurricane#0|Wildfire#0
711 | C,All Other Perils#0.84|Windstorm Or Hail#0.84|Earthquake#0|Hurricane#0|Wildfire#0
721 | C,All Other Perils#0.82|Windstorm Or Hail#0.82|Earthquake#0|Hurricane#0|Wildfire#0
731 | C,All Other Perils#0.8|Windstorm Or Hail#0.8|Earthquake#0|Hurricane#0|Wildfire#0
741 | C,All Other Perils#0.79|Windstorm Or Hail#0.79|Earthquake#0|Hurricane#0|Wildfire#0
751 | C,All Other Perils#0.77|Windstorm Or Hail#0.77|Earthquake#0|Hurricane#0|Wildfire#0
766 | C,All Other Perils#0.75|Windstorm Or Hail#0.75|Earthquake#0|Hurricane#0|Wildfire#0
781 | C,All Other Perils#0.72|Windstorm Or Hail#0.72|Earthquake#0|Hurricane#0|Wildfire#0
796 | C,All Other Perils#0.7|Windstorm Or Hail#0.7|Earthquake#0|Hurricane#0|Wildfire#0
811 | C,All Other Perils#0.68|Windstorm Or Hail#0.68|Earthquake#0|Hurricane#0|Wildfire#0
826 | C,All Other Perils#0.66|Windstorm Or Hail#0.66|Earthquake#0|Hurricane#0|Wildfire#0
841 | C,All Other Perils#0.64|Windstorm Or Hail#0.64|Earthquake#0|Hurricane#0|Wildfire#0
861 | C,All Other Perils#0.59|Windstorm Or Hail#0.59|Earthquake#0|Hurricane#0|Wildfire#0
998 | C,All Other Perils#1|Windstorm Or Hail#1|Earthquake#0|Hurricane#0|Wildfire#0
999 | C,All Other Perils#1|Windstorm Or Hail#1|Earthquake#0|Hurricane#0|Wildfire#0