key,value
Full Pay | A,All Other Perils#0.95|Windstorm Or Hail#0.95|Earthquake#0|Hurricane#0|Wildfire#0|Flood#0
Payment Plan | A,All Other Perils#1|Windstorm Or Hail#1|Earthquake#0|Hurricane#0|Wildfire#0|Flood#0
Lienholder/Mortgage Billed | A,All Other Perils#0.95|Windstorm Or Hail#0.95|Earthquake#0|Hurricane#0|Wildfire#0|Flood#0
Full Pay | B,All Other Perils#0.95|Windstorm Or Hail#0.95|Earthquake#0|Hurricane#0|Wildfire#0|Flood#0
Payment Plan | B,All Other Perils#1|Windstorm Or Hail#1|Earthquake#0|Hurricane#0|Wildfire#0|Flood#0
Lienholder/Mortgage Billed | B,All Other Perils#0.95|Windstorm Or Hail#0.95|Earthquake#0|Hurricane#0|Wildfire#0|Flood#0
Full Pay | C,All Other Perils#0.95|Windstorm Or Hail#0.95|Earthquake#0|Hurricane#0|Wildfire#0|Flood#0
Payment Plan | C,All Other Perils#1|Windstorm Or Hail#1|Earthquake#0|Hurricane#0|Wildfire#0|Flood#0
Lienholder/Mortgage Billed | C,All Other Perils#0.95|Windstorm Or Hail#0.95|Earthquake#0|Hurricane#0|Wildfire#0|Flood#0