key,value
1 | A,All Other Perils#1|Windstorm Or Hail#1|Earthquake#0|Hurricane#0
2 | A,All Other Perils#0.98|Windstorm Or Hail#0.98|Earthquake#0|Hurricane#0
3 | A,All Other Perils#0.99|Windstorm Or Hail#0.99|Earthquake#0|Hurricane#0
4 | A,All Other Perils#0.98|Windstorm Or Hail#0.98|Earthquake#0|Hurricane#0
5 | A,All Other Perils#0.99|Windstorm Or Hail#0.99|Earthquake#0|Hurricane#0
6 | A,All Other Perils#0.98|Windstorm Or Hail#0.98|Earthquake#0|Hurricane#0
7 | A,All Other Perils#0.98|Windstorm Or Hail#0.98|Earthquake#0|Hurricane#0
8 | A,All Other Perils#0.99|Windstorm Or Hail#0.99|Earthquake#0|Hurricane#0
9 | A,All Other Perils#0.99|Windstorm Or Hail#0.99|Earthquake#0|Hurricane#0
10 | A,All Other Perils#0.99|Windstorm Or Hail#0.99|Earthquake#0|Hurricane#0
11 | A,All Other Perils#1.04|Windstorm Or Hail#1.04|Earthquake#0|Hurricane#0
12 | A,All Other Perils#1.03|Windstorm Or Hail#1.03|Earthquake#0|Hurricane#0
13 | A,All Other Perils#1.03|Windstorm Or Hail#1.03|Earthquake#0|Hurricane#0
14 | A,All Other Perils#1.03|Windstorm Or Hail#1.03|Earthquake#0|Hurricane#0
15 | A,All Other Perils#0.98|Windstorm Or Hail#0.98|Earthquake#0|Hurricane#0
16 | A,All Other Perils#1|Windstorm Or Hail#1|Earthquake#0|Hurricane#0
17 | A,All Other Perils#1|Windstorm Or Hail#1|Earthquake#0|Hurricane#0
18 | A,All Other Perils#1|Windstorm Or Hail#1|Earthquake#0|Hurricane#0
19 | A,All Other Perils#1|Windstorm Or Hail#1|Earthquake#0|Hurricane#0
20 | A,All Other Perils#0.98|Windstorm Or Hail#0.98|Earthquake#0|Hurricane#0
21 | A,All Other Perils#1|Windstorm Or Hail#1|Earthquake#1|Hurricane#0
22 | A,All Other Perils#1.02|Windstorm Or Hail#1.02|Earthquake#0|Hurricane#0
23 | A,All Other Perils#1|Windstorm Or Hail#1|Earthquake#0|Hurricane#0
24 | A,All Other Perils#1.01|Windstorm Or Hail#1.01|Earthquake#0|Hurricane#0
25 | A,All Other Perils#1.08|Windstorm Or Hail#1.08|Earthquake#0|Hurricane#0
26 | A,All Other Perils#0.99|Windstorm Or Hail#0.99|Earthquake#0|Hurricane#0
27 | A,All Other Perils#1|Windstorm Or Hail#1|Earthquake#0|Hurricane#0
28 | A,All Other Perils#0.98|Windstorm Or Hail#0.98|Earthquake#0|Hurricane#0
29 | A,All Other Perils#1|Windstorm Or Hail#1|Earthquake#0|Hurricane#0
30 | A,All Other Perils#1.02|Windstorm Or Hail#1.02|Earthquake#0|Hurricane#0
31 | A,All Other Perils#0.99|Windstorm Or Hail#0.99|Earthquake#0|Hurricane#0
32 | A,All Other Perils#1|Windstorm Or Hail#1|Earthquake#0|Hurricane#0
33 | A,All Other Perils#0.99|Windstorm Or Hail#0.99|Earthquake#0|Hurricane#0
34 | A,All Other Perils#0.99|Windstorm Or Hail#0.99|Earthquake#0|Hurricane#0
35 | A,All Other Perils#1|Windstorm Or Hail#1|Earthquake#0|Hurricane#0
36 | A,All Other Perils#0.98|Windstorm Or Hail#0.98|Earthquake#0|Hurricane#0
37 | A,All Other Perils#0.99|Windstorm Or Hail#0.99|Earthquake#0|Hurricane#0
38 | A,All Other Perils#1.03|Windstorm Or Hail#1.03|Earthquake#0|Hurricane#0
39 | A,All Other Perils#1.03|Windstorm Or Hail#1.03|Earthquake#0|Hurricane#0
40 | A,All Other Perils#0.99|Windstorm Or Hail#0.99|Earthquake#0|Hurricane#0
41 | A,All Other Perils#1|Windstorm Or Hail#1|Earthquake#0|Hurricane#0
42 | A,All Other Perils#1.03|Windstorm Or Hail#1.03|Earthquake#0|Hurricane#0
43 | A,All Other Perils#1|Windstorm Or Hail#1|Earthquake#0|Hurricane#0
44 | A,All Other Perils#1.01|Windstorm Or Hail#1.01|Earthquake#0|Hurricane#0
45 | A,All Other Perils#0.98|Windstorm Or Hail#0.98|Earthquake#0|Hurricane#0
46 | A,All Other Perils#1.04|Windstorm Or Hail#1.04|Earthquake#0|Hurricane#0
47 | A,All Other Perils#1|Windstorm Or Hail#1|Earthquake#0|Hurricane#0
48 | A,All Other Perils#1|Windstorm Or Hail#1|Earthquake#0|Hurricane#0
49 | A,All Other Perils#0.99|Windstorm Or Hail#0.99|Earthquake#0|Hurricane#0
50 | A,All Other Perils#1.11|Windstorm Or Hail#1.11|Earthquake#0|Hurricane#0
51 | A,All Other Perils#0.99|Windstorm Or Hail#0.99|Earthquake#0|Hurricane#0
52 | A,All Other Perils#1|Windstorm Or Hail#1|Earthquake#0|Hurricane#0
53 | A,All Other Perils#1.01|Windstorm Or Hail#1.01|Earthquake#0|Hurricane#0
54 | A,All Other Perils#1|Windstorm Or Hail#1|Earthquake#0|Hurricane#0
55 | A,All Other Perils#0.98|Windstorm Or Hail#0.98|Earthquake#0|Hurricane#0
56 | A,All Other Perils#1|Windstorm Or Hail#1|Earthquake#0|Hurricane#0
57 | A,All Other Perils#0.98|Windstorm Or Hail#0.98|Earthquake#0|Hurricane#0
58 | A,All Other Perils#1.03|Windstorm Or Hail#1.03|Earthquake#0|Hurricane#0
59 | A,All Other Perils#1|Windstorm Or Hail#1|Earthquake#0|Hurricane#0
60 | A,All Other Perils#1|Windstorm Or Hail#1|Earthquake#0|Hurricane#0
61 | A,All Other Perils#1|Windstorm Or Hail#1|Earthquake#0|Hurricane#0
62 | A,All Other Perils#1|Windstorm Or Hail#1|Earthquake#0|Hurricane#0
63 | A,All Other Perils#1.11|Windstorm Or Hail#1.11|Earthquake#0|Hurricane#0
64 | A,All Other Perils#0.99|Windstorm Or Hail#0.99|Earthquake#0|Hurricane#0
65 | A,All Other Perils#0.99|Windstorm Or Hail#0.99|Earthquake#0|Hurricane#0
66 | A,All Other Perils#1|Windstorm Or Hail#1|Earthquake#0|Hurricane#0
67 | A,All Other Perils#1|Windstorm Or Hail#1|Earthquake#0|Hurricane#0
68 | A,All Other Perils#1|Windstorm Or Hail#1|Earthquake#0|Hurricane#0
69 | A,All Other Perils#0.98|Windstorm Or Hail#0.98|Earthquake#0|Hurricane#0
70 | A,All Other Perils#0.99|Windstorm Or Hail#0.99|Earthquake#0|Hurricane#0
71 | A,All Other Perils#1|Windstorm Or Hail#1|Earthquake#0|Hurricane#0
72 | A,All Other Perils#1|Windstorm Or Hail#1|Earthquake#0|Hurricane#0
73 | A,All Other Perils#1|Windstorm Or Hail#1|Earthquake#0|Hurricane#0
74 | A,All Other Perils#1|Windstorm Or Hail#1|Earthquake#0|Hurricane#0
75 | A,All Other Perils#0.99|Windstorm Or Hail#0.99|Earthquake#0|Hurricane#0
76 | A,All Other Perils#1|Windstorm Or Hail#1|Earthquake#0|Hurricane#0
77 | A,All Other Perils#1|Windstorm Or Hail#1|Earthquake#0|Hurricane#0
78 | A,All Other Perils#1.03|Windstorm Or Hail#1.03|Earthquake#0|Hurricane#0
79 | A,All Other Perils#0.99|Windstorm Or Hail#0.99|Earthquake#0|Hurricane#0
80 | A,All Other Perils#1.03|Windstorm Or Hail#1.03|Earthquake#0|Hurricane#0
81 | A,All Other Perils#1.05|Windstorm Or Hail#1.05|Earthquake#0|Hurricane#0
82 | A,All Other Perils#1.18|Windstorm Or Hail#1.18|Earthquake#0|Hurricane#0
83 | A,All Other Perils#1|Windstorm Or Hail#1|Earthquake#0|Hurricane#0
1 | B,All Other Perils#1|Windstorm Or Hail#1|Earthquake#0|Hurricane#0
2 | B,All Other Perils#0.98|Windstorm Or Hail#0.98|Earthquake#0|Hurricane#0
3 | B,All Other Perils#0.99|Windstorm Or Hail#0.99|Earthquake#0|Hurricane#0
4 | B,All Other Perils#0.98|Windstorm Or Hail#0.98|Earthquake#0|Hurricane#0
5 | B,All Other Perils#0.99|Windstorm Or Hail#0.99|Earthquake#0|Hurricane#0
6 | B,All Other Perils#0.98|Windstorm Or Hail#0.98|Earthquake#0|Hurricane#0
7 | B,All Other Perils#0.98|Windstorm Or Hail#0.98|Earthquake#0|Hurricane#0
8 | B,All Other Perils#0.99|Windstorm Or Hail#0.99|Earthquake#0|Hurricane#0
9 | B,All Other Perils#0.99|Windstorm Or Hail#0.99|Earthquake#0|Hurricane#0
10 | B,All Other Perils#0.99|Windstorm Or Hail#0.99|Earthquake#0|Hurricane#0
11 | B,All Other Perils#1.04|Windstorm Or Hail#1.04|Earthquake#0|Hurricane#0
12 | B,All Other Perils#1.03|Windstorm Or Hail#1.03|Earthquake#0|Hurricane#0
13 | B,All Other Perils#1.03|Windstorm Or Hail#1.03|Earthquake#0|Hurricane#0
14 | B,All Other Perils#1.03|Windstorm Or Hail#1.03|Earthquake#0|Hurricane#0
15 | B,All Other Perils#0.98|Windstorm Or Hail#0.98|Earthquake#0|Hurricane#0
16 | B,All Other Perils#1|Windstorm Or Hail#1|Earthquake#0|Hurricane#0
17 | B,All Other Perils#1|Windstorm Or Hail#1|Earthquake#0|Hurricane#0
18 | B,All Other Perils#1|Windstorm Or Hail#1|Earthquake#0|Hurricane#0
19 | B,All Other Perils#1|Windstorm Or Hail#1|Earthquake#0|Hurricane#0
20 | B,All Other Perils#0.98|Windstorm Or Hail#0.98|Earthquake#0|Hurricane#0
21 | B,All Other Perils#1|Windstorm Or Hail#1|Earthquake#1|Hurricane#0
22 | B,All Other Perils#1.02|Windstorm Or Hail#1.02|Earthquake#0|Hurricane#0
23 | B,All Other Perils#1|Windstorm Or Hail#1|Earthquake#0|Hurricane#0
24 | B,All Other Perils#1.01|Windstorm Or Hail#1.01|Earthquake#0|Hurricane#0
25 | B,All Other Perils#1.08|Windstorm Or Hail#1.08|Earthquake#0|Hurricane#0
26 | B,All Other Perils#0.99|Windstorm Or Hail#0.99|Earthquake#0|Hurricane#0
27 | B,All Other Perils#1|Windstorm Or Hail#1|Earthquake#0|Hurricane#0
28 | B,All Other Perils#0.98|Windstorm Or Hail#0.98|Earthquake#0|Hurricane#0
29 | B,All Other Perils#1|Windstorm Or Hail#1|Earthquake#0|Hurricane#0
30 | B,All Other Perils#1.02|Windstorm Or Hail#1.02|Earthquake#0|Hurricane#0
31 | B,All Other Perils#0.99|Windstorm Or Hail#0.99|Earthquake#0|Hurricane#0
32 | B,All Other Perils#1|Windstorm Or Hail#1|Earthquake#0|Hurricane#0
33 | B,All Other Perils#0.99|Windstorm Or Hail#0.99|Earthquake#0|Hurricane#0
34 | B,All Other Perils#0.99|Windstorm Or Hail#0.99|Earthquake#0|Hurricane#0
35 | B,All Other Perils#1|Windstorm Or Hail#1|Earthquake#0|Hurricane#0
36 | B,All Other Perils#0.98|Windstorm Or Hail#0.98|Earthquake#0|Hurricane#0
37 | B,All Other Perils#0.99|Windstorm Or Hail#0.99|Earthquake#0|Hurricane#0
38 | B,All Other Perils#1.03|Windstorm Or Hail#1.03|Earthquake#0|Hurricane#0
39 | B,All Other Perils#1.03|Windstorm Or Hail#1.03|Earthquake#0|Hurricane#0
40 | B,All Other Perils#0.99|Windstorm Or Hail#0.99|Earthquake#0|Hurricane#0
41 | B,All Other Perils#1|Windstorm Or Hail#1|Earthquake#0|Hurricane#0
42 | B,All Other Perils#1.03|Windstorm Or Hail#1.03|Earthquake#0|Hurricane#0
43 | B,All Other Perils#1|Windstorm Or Hail#1|Earthquake#0|Hurricane#0
44 | B,All Other Perils#1.01|Windstorm Or Hail#1.01|Earthquake#0|Hurricane#0
45 | B,All Other Perils#0.98|Windstorm Or Hail#0.98|Earthquake#0|Hurricane#0
46 | B,All Other Perils#1.04|Windstorm Or Hail#1.04|Earthquake#0|Hurricane#0
47 | B,All Other Perils#1|Windstorm Or Hail#1|Earthquake#0|Hurricane#0
48 | B,All Other Perils#1|Windstorm Or Hail#1|Earthquake#0|Hurricane#0
49 | B,All Other Perils#0.99|Windstorm Or Hail#0.99|Earthquake#0|Hurricane#0
50 | B,All Other Perils#1.11|Windstorm Or Hail#1.11|Earthquake#0|Hurricane#0
51 | B,All Other Perils#0.99|Windstorm Or Hail#0.99|Earthquake#0|Hurricane#0
52 | B,All Other Perils#1|Windstorm Or Hail#1|Earthquake#0|Hurricane#0
53 | B,All Other Perils#1.01|Windstorm Or Hail#1.01|Earthquake#0|Hurricane#0
54 | B,All Other Perils#1|Windstorm Or Hail#1|Earthquake#0|Hurricane#0
55 | B,All Other Perils#0.98|Windstorm Or Hail#0.98|Earthquake#0|Hurricane#0
56 | B,All Other Perils#1|Windstorm Or Hail#1|Earthquake#0|Hurricane#0
57 | B,All Other Perils#0.98|Windstorm Or Hail#0.98|Earthquake#0|Hurricane#0
58 | B,All Other Perils#1.03|Windstorm Or Hail#1.03|Earthquake#0|Hurricane#0
59 | B,All Other Perils#1|Windstorm Or Hail#1|Earthquake#0|Hurricane#0
60 | B,All Other Perils#1|Windstorm Or Hail#1|Earthquake#0|Hurricane#0
61 | B,All Other Perils#1|Windstorm Or Hail#1|Earthquake#0|Hurricane#0
62 | B,All Other Perils#1|Windstorm Or Hail#1|Earthquake#0|Hurricane#0
63 | B,All Other Perils#1.11|Windstorm Or Hail#1.11|Earthquake#0|Hurricane#0
64 | B,All Other Perils#0.99|Windstorm Or Hail#0.99|Earthquake#0|Hurricane#0
65 | B,All Other Perils#0.99|Windstorm Or Hail#0.99|Earthquake#0|Hurricane#0
66 | B,All Other Perils#1|Windstorm Or Hail#1|Earthquake#0|Hurricane#0
67 | B,All Other Perils#1|Windstorm Or Hail#1|Earthquake#0|Hurricane#0
68 | B,All Other Perils#1|Windstorm Or Hail#1|Earthquake#0|Hurricane#0
69 | B,All Other Perils#0.98|Windstorm Or Hail#0.98|Earthquake#0|Hurricane#0
70 | B,All Other Perils#0.99|Windstorm Or Hail#0.99|Earthquake#0|Hurricane#0
71 | B,All Other Perils#1|Windstorm Or Hail#1|Earthquake#0|Hurricane#0
72 | B,All Other Perils#1|Windstorm Or Hail#1|Earthquake#0|Hurricane#0
73 | B,All Other Perils#1|Windstorm Or Hail#1|Earthquake#0|Hurricane#0
74 | B,All Other Perils#1|Windstorm Or Hail#1|Earthquake#0|Hurricane#0
75 | B,All Other Perils#0.99|Windstorm Or Hail#0.99|Earthquake#0|Hurricane#0
76 | B,All Other Perils#1|Windstorm Or Hail#1|Earthquake#0|Hurricane#0
77 | B,All Other Perils#1|Windstorm Or Hail#1|Earthquake#0|Hurricane#0
78 | B,All Other Perils#1.03|Windstorm Or Hail#1.03|Earthquake#0|Hurricane#0
79 | B,All Other Perils#0.99|Windstorm Or Hail#0.99|Earthquake#0|Hurricane#0
80 | B,All Other Perils#1.03|Windstorm Or Hail#1.03|Earthquake#0|Hurricane#0
81 | B,All Other Perils#1.05|Windstorm Or Hail#1.05|Earthquake#0|Hurricane#0
82 | B,All Other Perils#1.18|Windstorm Or Hail#1.18|Earthquake#0|Hurricane#0
83 | B,All Other Perils#1|Windstorm Or Hail#1|Earthquake#0|Hurricane#0
1 | C,All Other Perils#1|Windstorm Or Hail#1|Earthquake#0|Hurricane#0
2 | C,All Other Perils#0.98|Windstorm Or Hail#0.98|Earthquake#0|Hurricane#0
3 | C,All Other Perils#0.99|Windstorm Or Hail#0.99|Earthquake#0|Hurricane#0
4 | C,All Other Perils#0.98|Windstorm Or Hail#0.98|Earthquake#0|Hurricane#0
5 | C,All Other Perils#0.99|Windstorm Or Hail#0.99|Earthquake#0|Hurricane#0
6 | C,All Other Perils#0.98|Windstorm Or Hail#0.98|Earthquake#0|Hurricane#0
7 | C,All Other Perils#0.98|Windstorm Or Hail#0.98|Earthquake#0|Hurricane#0
8 | C,All Other Perils#0.99|Windstorm Or Hail#0.99|Earthquake#0|Hurricane#0
9 | C,All Other Perils#0.99|Windstorm Or Hail#0.99|Earthquake#0|Hurricane#0
10 | C,All Other Perils#0.99|Windstorm Or Hail#0.99|Earthquake#0|Hurricane#0
11 | C,All Other Perils#1.04|Windstorm Or Hail#1.04|Earthquake#0|Hurricane#0
12 | C,All Other Perils#1.03|Windstorm Or Hail#1.03|Earthquake#0|Hurricane#0
13 | C,All Other Perils#1.03|Windstorm Or Hail#1.03|Earthquake#0|Hurricane#0
14 | C,All Other Perils#1.03|Windstorm Or Hail#1.03|Earthquake#0|Hurricane#0
15 | C,All Other Perils#0.98|Windstorm Or Hail#0.98|Earthquake#0|Hurricane#0
16 | C,All Other Perils#1|Windstorm Or Hail#1|Earthquake#0|Hurricane#0
17 | C,All Other Perils#1|Windstorm Or Hail#1|Earthquake#0|Hurricane#0
18 | C,All Other Perils#1|Windstorm Or Hail#1|Earthquake#0|Hurricane#0
19 | C,All Other Perils#1|Windstorm Or Hail#1|Earthquake#0|Hurricane#0
20 | C,All Other Perils#0.98|Windstorm Or Hail#0.98|Earthquake#0|Hurricane#0
21 | C,All Other Perils#1|Windstorm Or Hail#1|Earthquake#1|Hurricane#0
22 | C,All Other Perils#1.02|Windstorm Or Hail#1.02|Earthquake#0|Hurricane#0
23 | C,All Other Perils#1|Windstorm Or Hail#1|Earthquake#0|Hurricane#0
24 | C,All Other Perils#1.01|Windstorm Or Hail#1.01|Earthquake#0|Hurricane#0
25 | C,All Other Perils#1.08|Windstorm Or Hail#1.08|Earthquake#0|Hurricane#0
26 | C,All Other Perils#0.99|Windstorm Or Hail#0.99|Earthquake#0|Hurricane#0
27 | C,All Other Perils#1|Windstorm Or Hail#1|Earthquake#0|Hurricane#0
28 | C,All Other Perils#0.98|Windstorm Or Hail#0.98|Earthquake#0|Hurricane#0
29 | C,All Other Perils#1|Windstorm Or Hail#1|Earthquake#0|Hurricane#0
30 | C,All Other Perils#1.02|Windstorm Or Hail#1.02|Earthquake#0|Hurricane#0
31 | C,All Other Perils#0.99|Windstorm Or Hail#0.99|Earthquake#0|Hurricane#0
32 | C,All Other Perils#1|Windstorm Or Hail#1|Earthquake#0|Hurricane#0
33 | C,All Other Perils#0.99|Windstorm Or Hail#0.99|Earthquake#0|Hurricane#0
34 | C,All Other Perils#0.99|Windstorm Or Hail#0.99|Earthquake#0|Hurricane#0
35 | C,All Other Perils#1|Windstorm Or Hail#1|Earthquake#0|Hurricane#0
36 | C,All Other Perils#0.98|Windstorm Or Hail#0.98|Earthquake#0|Hurricane#0
37 | C,All Other Perils#0.99|Windstorm Or Hail#0.99|Earthquake#0|Hurricane#0
38 | C,All Other Perils#1.03|Windstorm Or Hail#1.03|Earthquake#0|Hurricane#0
39 | C,All Other Perils#1.03|Windstorm Or Hail#1.03|Earthquake#0|Hurricane#0
40 | C,All Other Perils#0.99|Windstorm Or Hail#0.99|Earthquake#0|Hurricane#0
41 | C,All Other Perils#1|Windstorm Or Hail#1|Earthquake#0|Hurricane#0
42 | C,All Other Perils#1.03|Windstorm Or Hail#1.03|Earthquake#0|Hurricane#0
43 | C,All Other Perils#1|Windstorm Or Hail#1|Earthquake#0|Hurricane#0
44 | C,All Other Perils#1.01|Windstorm Or Hail#1.01|Earthquake#0|Hurricane#0
45 | C,All Other Perils#0.98|Windstorm Or Hail#0.98|Earthquake#0|Hurricane#0
46 | C,All Other Perils#1.04|Windstorm Or Hail#1.04|Earthquake#0|Hurricane#0
47 | C,All Other Perils#1|Windstorm Or Hail#1|Earthquake#0|Hurricane#0
48 | C,All Other Perils#1|Windstorm Or Hail#1|Earthquake#0|Hurricane#0
49 | C,All Other Perils#0.99|Windstorm Or Hail#0.99|Earthquake#0|Hurricane#0
50 | C,All Other Perils#1.11|Windstorm Or Hail#1.11|Earthquake#0|Hurricane#0
51 | C,All Other Perils#0.99|Windstorm Or Hail#0.99|Earthquake#0|Hurricane#0
52 | C,All Other Perils#1|Windstorm Or Hail#1|Earthquake#0|Hurricane#0
53 | C,All Other Perils#1.01|Windstorm Or Hail#1.01|Earthquake#0|Hurricane#0
54 | C,All Other Perils#1|Windstorm Or Hail#1|Earthquake#0|Hurricane#0
55 | C,All Other Perils#0.98|Windstorm Or Hail#0.98|Earthquake#0|Hurricane#0
56 | C,All Other Perils#1|Windstorm Or Hail#1|Earthquake#0|Hurricane#0
57 | C,All Other Perils#0.98|Windstorm Or Hail#0.98|Earthquake#0|Hurricane#0
58 | C,All Other Perils#1.03|Windstorm Or Hail#1.03|Earthquake#0|Hurricane#0
59 | C,All Other Perils#1|Windstorm Or Hail#1|Earthquake#0|Hurricane#0
60 | C,All Other Perils#1|Windstorm Or Hail#1|Earthquake#0|Hurricane#0
61 | C,All Other Perils#1|Windstorm Or Hail#1|Earthquake#0|Hurricane#0
62 | C,All Other Perils#1|Windstorm Or Hail#1|Earthquake#0|Hurricane#0
63 | C,All Other Perils#1.11|Windstorm Or Hail#1.11|Earthquake#0|Hurricane#0
64 | C,All Other Perils#0.99|Windstorm Or Hail#0.99|Earthquake#0|Hurricane#0
65 | C,All Other Perils#0.99|Windstorm Or Hail#0.99|Earthquake#0|Hurricane#0
66 | C,All Other Perils#1|Windstorm Or Hail#1|Earthquake#0|Hurricane#0
67 | C,All Other Perils#1|Windstorm Or Hail#1|Earthquake#0|Hurricane#0
68 | C,All Other Perils#1|Windstorm Or Hail#1|Earthquake#0|Hurricane#0
69 | C,All Other Perils#0.98|Windstorm Or Hail#0.98|Earthquake#0|Hurricane#0
70 | C,All Other Perils#0.99|Windstorm Or Hail#0.99|Earthquake#0|Hurricane#0
71 | C,All Other Perils#1|Windstorm Or Hail#1|Earthquake#0|Hurricane#0
72 | C,All Other Perils#1|Windstorm Or Hail#1|Earthquake#0|Hurricane#0
73 | C,All Other Perils#1|Windstorm Or Hail#1|Earthquake#0|Hurricane#0
74 | C,All Other Perils#1|Windstorm Or Hail#1|Earthquake#0|Hurricane#0
75 | C,All Other Perils#0.99|Windstorm Or Hail#0.99|Earthquake#0|Hurricane#0
76 | C,All Other Perils#1|Windstorm Or Hail#1|Earthquake#0|Hurricane#0
77 | C,All Other Perils#1|Windstorm Or Hail#1|Earthquake#0|Hurricane#0
78 | C,All Other Perils#1.03|Windstorm Or Hail#1.03|Earthquake#0|Hurricane#0
79 | C,All Other Perils#0.99|Windstorm Or Hail#0.99|Earthquake#0|Hurricane#0
80 | C,All Other Perils#1.03|Windstorm Or Hail#1.03|Earthquake#0|Hurricane#0
81 | C,All Other Perils#1.05|Windstorm Or Hail#1.05|Earthquake#0|Hurricane#0
82 | C,All Other Perils#1.18|Windstorm Or Hail#1.18|Earthquake#0|Hurricane#0
83 | C,All Other Perils#1|Windstorm Or Hail#1|Earthquake#0|Hurricane#0