key,value
0.1 | A,All Other Perils#-0.188|Windstorm Or Hail#-0.188|Earthquake#0|Hurricane#0|Wildfire#0|Flood#0
0.25 | A,All Other Perils#-0.137|Windstorm Or Hail#-0.137|Earthquake#0|Hurricane#0|Wildfire#0|Flood#0
0.5 | A,All Other Perils#-0.06|Windstorm Or Hail#-0.06|Earthquake#0|Hurricane#0|Wildfire#0|Flood#0
1 | A,All Other Perils#0|Windstorm Or Hail#0|Earthquake#0|Hurricane#0|Wildfire#0|Flood#0
0.1 | B,All Other Perils#-0.188|Windstorm Or Hail#-0.188|Earthquake#0|Hurricane#0|Wildfire#0|Flood#0
0.25 | B,All Other Perils#-0.137|Windstorm Or Hail#-0.137|Earthquake#0|Hurricane#0|Wildfire#0|Flood#0
0.5 | B,All Other Perils#-0.06|Windstorm Or Hail#-0.06|Earthquake#0|Hurricane#0|Wildfire#0|Flood#0
1 | B,All Other Perils#0|Windstorm Or Hail#0|Earthquake#0|Hurricane#0|Wildfire#0|Flood#0
0.1 | C,All Other Perils#-0.188|Windstorm Or Hail#-0.188|Earthquake#0|Hurricane#0|Wildfire#0|Flood#0
0.25 | C,All Other Perils#-0.137|Windstorm Or Hail#-0.137|Earthquake#0|Hurricane#0|Wildfire#0|Flood#0
0.5 | C,All Other Perils#-0.06|Windstorm Or Hail#-0.06|Earthquake#0|Hurricane#0|Wildfire#0|Flood#0
1 | C,All Other Perils#0|Windstorm Or Hail#0|Earthquake#0|Hurricane#0|Wildfire#0|Flood#0